,ID,TimeS,Month,Detection,Rock_per,DNR,Soil_per,Soil_type,Vegetation_per,Vegetation_height,DNV,DNV_height,Concealment,Set,LocationN,LocationE,LocationEN,N,Y
1,CA53,0,Jun,,0,100,100,Gravel_allu,0,0,0.6,0.2,0,Test,30.78322,104.98434,-104.98434,0.254,0.746
2,CA54,0,Sep,,0,1.25,100,Gravel_allu,0,0,0.75,0.25,0,Test,30.77256,105.01958,-105.01958,0.502,0.498
3,CA66,0,Aug,,0,5,30,Sand,70,0.5,0,0.5,Less_50,Test,30.73145,104.98692,-104.98692,0.854,0.146
4,CA58,0,Aug,,0,100,20,Sand,80,1,0,1,Over_50,Test,30.7313,104.98938,-104.98938,0.826,0.174
5,CA62,0,Sep,,0,2,100,Gravel_allu,0,0,0.6,1,Less_50,Test,30.73266,104.98933,-104.98933,0.6,0.4
6,CA66,0,Aug,,0,2,10,Sand,90,1.1,0,1.1,Over_50,Test,30.73189,104.98609,-104.98609,0.798,0.202
39,CA72,1,Sep,,30,0,10,Gravel_allu,60,0.4,0,0.4,0,Test,30.73312,104.98917,-104.98917,0.636,0.364
40,CA59,1,Aug,,0,100,60,Gravel_allu,40,0.6,0,0.6,Less_50,Test,30.77804,105.01825,-105.01825,0.938,0.062
41,CA52,1,Jul,,0,20,100,Gravel_allu,0,0,1.5,0.75,0,Test,30.73191,104.99136,-104.99136,0.408,0.592
163,CA54,6,Aug,,0,2.5,50,Gravel_allu,50,0.5,0,0.5,Over_50,Test,30.7758,105.01944,-105.01944,0.9,0.1
164,CA69,6,Jun,,0,5,70,Gravel_allu,30,0.5,0,0.5,Less_50,Test,30.77431,105.01734,-105.01734,0.712,0.288
198,CA52,7,Aug,,0,3,95,Gravel_allu,5,0.05,0,0.05,0,Test,30.73387,104.99266,-104.99266,0.368,0.632
199,CA64,7,Apr,,0,0.8,95,Gravel_allu,5,0.2,0,0.2,Less_50,Test,30.73176,104.97887,-104.97887,0.516,0.484
200,CA66,7,Jun,,0,1,70,Gravel_allu,30,0.2,0,0.2,Less_50,Test,30.73109,104.98596,-104.98596,0.634,0.366
201,CA68,7,Sep,,0,1,98,Gravel_allu,2,0.2,0,0.2,0,Test,30.73724,104.98558,-104.98558,0.408,0.592
202,CA63,7,Jun,,0,100,100,Gravel_allu,0,0,0.5,0.3,0,Test,30.77255,105.01374,-105.01374,0.28,0.72
203,CA62,7,Jun,,60,0,30,Gravel_allu,10,0.4,0,0.4,Over_50,Test,30.73309,104.98933,-104.98933,0.536,0.464
204,CA64,7,Apr,,0,2.5,40,Gravel_allu,60,0.5,0,0.5,Less_50,Test,30.73423,104.97875,-104.97875,0.92,0.08
205,CA69,7,Jul,,0,5,20,Gravel_allu,80,0.5,0,0.5,Over_50,Test,30.776,105.01748,-105.01748,0.688,0.312
206,CA70,7,Jul,,0,100,60,Gravel_allu,40,0.5,0,0.5,0,Test,30.7732,105.01457,-105.01457,0.618,0.382
207,CA70,7,Jul,,0,100,70,Gravel_allu,30,0.5,0,0.5,Over_50,Test,30.77414,105.0158,-105.0158,0.75,0.25
208,CA63,7,May,,0,100,30,Gravel_allu,70,0.6,0,0.6,Over_50,Test,30.77384,105.01343,-105.01343,0.914,0.086
209,CA56,7,Sep,,0,100,40,Sand,60,0.7,0,0.7,Less_50,Test,30.72822,104.97232,-104.97232,0.954,0.046
210,CA68,7,Aug,,0,100,100,Gravel_allu,0,0,0.6,0.7,0,Test,30.73526,104.98357,-104.98357,0.384,0.616
211,CA68,7,May,,0,2,60,Gravel_allu,40,0.8,0,0.8,Over_50,Test,30.7395,104.98593,-104.98593,0.89,0.11
212,CA71,7,Jun,,0,100,100,Gravel_allu,0,0,0.6,0.8,0,Test,30.73097,104.98838,-104.98838,0.28,0.72
213,CA62,7,May,,90,0,10,Gravel_allu,0,0,1,1,Over_50,Test,30.73272,104.98869,-104.98869,0.478,0.522
249,CA55,8,Oct,,0,20,0,Gravel_allu,100,0.1,0,0.1,Less_50,Test,30.72775,104.97186,-104.97186,0.806,0.194
250,CA57,8,May,,0,2.5,100,Gravel_allu,0,0,0.5,0.1,0,Test,30.7708,105.0207,-105.0207,0.526,0.474
251,CA58,8,Sep,,0,100,50,Sand,50,0.2,0,0.2,Less_50,Test,30.73074,104.98953,-104.98953,0.81,0.19
252,CA70,8,May,,40,0,60,Gravel_allu,0,0,0.6,0.2,0,Test,30.77322,105.01662,-105.01662,0.366,0.634
253,CA52,8,Sep,,70,0,15,Gravel_allu,25,0.3,0,0.3,Over_50,Test,30.73454,104.99449,-104.99449,0.606,0.394
254,CA73,8,Jun,,0,5,60,Gravel_allu,40,0.3,0,0.3,Less_50,Test,30.73133,104.98182,-104.98182,0.596,0.404
255,CA64,8,Apr,,90,0,10,Gravel_allu,0,0,0.5,0.3,Over_50,Test,30.73586,104.97804,-104.97804,0.452,0.548
256,CA65,8,Aug,,0,1.5,70,Gravel_allu,30,0.4,0,0.4,0,Test,30.74314,105.01102,-105.01102,0.678,0.322
257,CA63,8,Aug,,0,100,30,Gravel_allu,70,0.4,0,0.4,Less_50,Test,30.77557,105.01423,-105.01423,0.892,0.108
258,CA55,8,Sep,,0,6,90,Sand,10,0.5,0,0.5,Less_50,Test,30.72786,104.97172,-104.97172,0.79,0.21
259,CA56,8,Sep,,0,15,30,Sand,70,0.5,0,0.5,Over_50,Test,30.72853,104.97224,-104.97224,0.872,0.128
260,CA56,8,Jul,,0,4,80,Gravel_allu,20,0.6,0,0.6,Less_50,Test,30.72837,104.97249,-104.97249,0.636,0.364
261,CA56,8,Sep,,0,100,70,Sand,30,0.6,0,0.6,Over_50,Test,30.7282,104.97243,-104.97243,0.976,0.024
262,CA73,8,Jul,,100,0,0,Gravel_allu,0,0,0.5,0.6,Over_50,Test,30.73159,104.98477,-104.98477,0.37,0.63
263,CA68,8,Oct,,0,100,100,Gravel_allu,0,0,0.7,0.6,0,Test,30.73784,104.98397,-104.98397,0.324,0.676
264,CA59,8,May,,0,1.5,90,Gravel_allu,10,0.7,0,0.7,Less_50,Test,30.77729,105.01735,-105.01735,0.798,0.202
265,CA59,8,Aug,,0,10,80,Gravel_allu,20,0.7,0,0.7,Over_50,Test,30.77795,105.01656,-105.01656,0.822,0.178
266,CA63,8,Jun,,0,10,90,Gravel_allu,10,0.7,0,0.7,0,Test,30.77283,105.01219,-105.01219,0.534,0.466
267,CA73,8,Aug,,0,5,30,Sand,70,0.7,0,0.7,Over_50,Test,30.73199,104.9857,-104.9857,0.87,0.13
268,CA62,8,Jul,,0,2,70,Gravel_allu,30,0.8,0,0.8,Over_50,Test,30.73149,104.98946,-104.98946,0.692,0.308
269,CA72,8,May,,0,1.5,70,Sand,30,0.8,0,0.8,Less_50,Test,30.73916,104.98877,-104.98877,0.902,0.098
270,CA70,8,Oct,,0,3,80,Sand,20,0.9,0,0.9,Over_50,Test,30.77298,105.01362,-105.01362,0.822,0.178
271,CA63,8,May,,0,2,20,Gravel_allu,80,1,0,1,Over_50,Test,30.77514,105.0163,-105.0163,0.868,0.132
272,CA65,8,Oct,,0,100,0,Gravel_allu,100,1,0,1,Over_50,Test,30.74498,105.00724,-105.00724,0.892,0.108
273,CA68,8,Apr,,0,1.2,100,Gravel_allu,0,0,0.8,1,0,Test,30.73767,104.98401,-104.98401,0.56,0.44
274,CA72,8,May,,40,0,40,Gravel_allu,20,1.5,0,1.5,Less_50,Test,30.72882,104.98987,-104.98987,0.728,0.272
275,CA56,8,Aug,,0,100,90,Gravel_allu,10,1.5,0,1.5,Less_50,Test,30.72807,104.97259,-104.97259,0.796,0.204
276,CA52,8,May,,0,20,100,Sand,0,0,1.5,1.5,0,Test,30.73051,104.98981,-104.98981,0.44,0.56
277,CA73,8,Sep,,0,3,20,Sand,80,2,0,2,Over_50,Test,30.73158,104.98605,-104.98605,0.8,0.2
306,CA66,9,Oct,,20,0,70,Gravel_allu,10,0.2,0,0.2,0,Test,30.73094,104.98582,-104.98582,0.46,0.54
307,CA68,9,Sep,,0,2,90,Gravel_allu,10,0.3,0,0.3,0,Test,30.73697,104.98337,-104.98337,0.588,0.412
308,CA68,9,Oct,,0,4,70,Gravel_allu,30,0.3,0,0.3,Less_50,Test,30.73806,104.98437,-104.98437,0.83,0.17
309,CA57,9,May,,0,100,80,Gravel_allu,20,0.3,0,0.3,Less_50,Test,30.77032,105.02235,-105.02235,0.722,0.278
310,CA66,9,May,,10,0,20,Gravel_allu,70,0.4,0,0.4,Over_50,Test,30.73096,104.98631,-104.98631,0.746,0.254
311,CA72,9,Apr,,0,1.2,60,Gravel_allu,40,0.4,0,0.4,Over_50,Test,30.73867,104.98923,-104.98923,0.88,0.12
312,CA66,9,Sep,,60,0,10,Sand,30,0.4,0,0.4,Over_50,Test,30.72758,104.98415,-104.98415,0.666,0.334
313,CA64,9,Jun,,0,1,50,Gravel_allu,50,0.5,0,0.5,Over_50,Test,30.73352,104.97726,-104.97726,0.69,0.31
314,CA71,9,Apr,,0,100,20,Gravel_allu,80,0.5,0,0.5,Over_50,Test,30.73001,104.98985,-104.98985,0.934,0.066
315,CA71,9,May,,0,100,10,Gravel_allu,90,0.5,0,0.5,Over_50,Test,30.73001,104.98982,-104.98982,0.924,0.076
316,CA63,9,Jun,,0,100,100,Gravel_allu,0,0,0.8,0.5,Over_50,Test,30.77494,105.0155,-105.0155,0.346,0.654
317,CA73,9,Apr,,0,100,50,Gravel_allu,50,0.6,0,0.6,Over_50,Test,30.73187,104.98542,-104.98542,0.938,0.062
318,CA73,9,Apr,,0,5,70,Gravel_allu,30,0.7,0,0.7,Less_50,Test,30.73189,104.98574,-104.98574,0.906,0.094
319,CA65,9,Apr,,0,100,10,Gravel_allu,90,0.7,0,0.7,Over_50,Test,30.74363,105.01235,-105.01235,0.934,0.066
320,CA62,9,Apr,,0,2.5,100,Gravel_allu,0,0,0.8,0.7,0,Test,30.73268,104.98863,-104.98863,0.556,0.444
321,CA68,9,Jun,,0,1,100,Gravel_allu,0,0,1.5,0.8,0,Test,30.73647,104.98302,-104.98302,0.506,0.494
322,CA69,9,Aug,,0,100,10,Gravel_allu,90,1,0,1,Over_50,Test,30.77562,105.01425,-105.01425,0.83,0.17
323,CA56,9,Aug,,0,2.5,60,Sand,40,1,0,1,Over_50,Test,30.7282,104.97263,-104.97263,0.88,0.12
324,CA72,9,Oct,,0,100,40,Sand,60,1,0,1,Less_50,Test,30.73245,104.98623,-104.98623,0.9,0.1
325,CA76,9,Sep,,0,100,0,Gravel_allu,100,1.2,0,1.2,Over_50,Test,30.74242,105.00971,-105.00971,0.832,0.168
326,CA71,9,Jul,,0,100,40,Gravel_allu,60,1.4,0,1.4,Over_50,Test,30.73088,104.98901,-104.98901,0.576,0.424
327,CA56,9,Jul,,0,2,95,Gravel_allu,5,1.5,0,1.5,Less_50,Test,30.72835,104.97273,-104.97273,0.48,0.52
328,CA56,9,May,,0,2,30,Sand,70,1.5,0,1.5,Over_50,Test,30.72821,104.97264,-104.97264,0.856,0.144
329,CA55,9,Oct,,0,1.5,80,Sand,20,3,0,3,Over_50,Test,30.72789,104.97168,-104.97168,0.818,0.182
330,CA58,9,Jul,,0,15,30,Sand,70,3,0,3,Over_50,Test,30.73153,104.98878,-104.98878,0.644,0.356
340,CA53,10,Oct,,0,1,70,Gravel_allu,30,0.2,0,0.2,0,Test,30.78019,104.98618,-104.98618,0.69,0.31
341,CA58,10,Oct,,0,3,80,Gravel_allu,20,0.2,0,0.2,0,Test,30.73001,104.98991,-104.98991,0.704,0.296
342,CA64,10,Oct,,0,3,90,Sand,10,0.2,0,0.2,Less_50,Test,30.72589,104.98017,-104.98017,0.75,0.25
343,CA67,10,Apr,,20,0,10,Gravel_allu,70,0.3,0,0.3,Over_50,Test,30.78481,104.98844,-104.98844,0.732,0.268
344,CA62,10,Apr,,0,2,60,Gravel_allu,40,0.3,0,0.3,Over_50,Test,30.73269,104.98962,-104.98962,0.852,0.148
345,CA60,10,Oct,,0,2,50,Gravel_allu,50,0.3,0,0.3,Over_50,Test,30.71368,104.97082,-104.97082,0.854,0.146
346,CA67,10,Apr,,70,0,20,Sand,10,0.3,0,0.3,Over_50,Test,30.78531,104.98891,-104.98891,0.61,0.39
347,CA66,10,Apr,,100,0,0,Gravel_allu,0,0,0.7,0.4,Over_50,Test,30.73117,104.98763,-104.98763,0.456,0.544
348,CA66,10,Apr,,20,0,60,Gravel_allu,20,0.5,0,0.5,Less_50,Test,30.73097,104.98632,-104.98632,0.766,0.234
349,CA68,10,Apr,,0,1,60,Gravel_allu,40,0.5,0,0.5,Over_50,Test,30.73803,104.98437,-104.98437,0.912,0.088
350,CA63,10,Jul,,100,0,0,Gravel_allu,0,0,0.6,0.5,Over_50,Test,30.77313,105.0134,-105.0134,0.352,0.648
351,CA62,10,Sep,,0,2,90,Gravel_allu,10,0.7,0,0.7,Less_50,Test,30.73246,104.99005,-104.99005,0.8,0.2
352,CA72,10,Sep,,0,2,90,Gravel_allu,10,0.7,0,0.7,Less_50,Test,30.73246,104.99005,-104.99005,0.8,0.2
353,CA63,10,Aug,,0,7,100,Gravel_allu,0,0,0.7,0.7,0,Test,30.77141,105.01009,-105.01009,0.478,0.522
354,CA74,10,Apr,,0,5,70,Gravel_allu,30,0.8,0,0.8,Less_50,Test,30.73631,105.00354,-105.00354,0.896,0.104
355,CA68,10,Sep,,0,2,60,Gravel_allu,30,1,0,1,Over_50,Test,30.73666,104.98312,-104.98312,0.888,0.112
356,CA59,10,Jul,,0,100,10,Sand,90,1,0,1,Over_50,Test,30.77806,105.01819,-105.01819,0.48,0.52
357,CA64,10,Oct,,0,7,30,Sand,70,1.2,0,1.2,Over_50,Test,30.72567,104.98141,-104.98141,0.866,0.134
358,CA65,10,Jul,,0,100,40,Sand,60,1.2,0,1.2,Less_50,Test,30.74306,105.00937,-105.00937,0.612,0.388
359,CA76,10,Jun,,0,100,50,Gravel_allu,50,1.6,0,1.6,Over_50,Test,30.74267,104.01134,-104.01134,0.502,0.498
360,CA70,10,May,,0,100,80,Gravel_allu,20,1.8,0,1.8,Over_50,Test,30.77325,105.01566,-105.01566,0.778,0.222
361,CA61,10,Jul,,0,10,90,Sand,10,1.8,0,1.8,Over_50,Test,30.73013,104.98891,-104.98891,0.65,0.35
372,CA53,11,Sep,,20,0,50,Gravel_allu,30,0.2,0,0.2,Over_50,Test,30.78062,104.9855,-104.9855,0.644,0.356
373,CA62,11,Sep,,90,0,10,Gravel_allu,0,0,0.6,0.3,Over_50,Test,30.73256,104.98865,-104.98865,0.436,0.564
374,CA64,11,Oct,,100,0,0,Gravel_allu,0,0,0.6,0.3,Over_50,Test,30.73608,104.97803,-104.97803,0.43,0.57
375,CA69,11,Apr,,0,100,100,Gravel_allu,0,0,0.7,0.3,Over_50,Test,30.77425,105.01641,-105.01641,0.45,0.55
376,CA52,11,Oct,,0,4,100,Gravel_allu,0,0,1,0.3,0,Test,30.73392,104.99106,-104.99106,0.592,0.408
377,CA53,11,May,,20,0,40,Gravel_allu,40,0.4,0,0.4,Over_50,Test,30.78018,104.98633,-104.98633,0.746,0.254
378,CA54,11,Oct,,40,0,60,Gravel_allu,0,0,0.75,0.4,Less_50,Test,30.77256,105.02015,-105.02015,0.508,0.492
379,CA74,11,May,,100,0,0,Gravel_allu,0,0,0.8,0.4,Over_50,Test,30.73582,105.0034,-105.0034,0.444,0.556
380,CA59,11,Oct,,5,0,5,Gravel_allu,90,0.5,0,0.5,Over_50,Test,30.77769,105.01659,-105.01659,0.766,0.234
381,CA53,11,Oct,,95,0,0,Gravel_allu,5,0.5,0,0.5,Over_50,Test,30.78011,104.9863,-104.9863,0.484,0.516
382,CA76,11,May,,100,0,0,Gravel_allu,0,0,0.6,0.6,Over_50,Test,30.78712,105.98831,-105.98831,0.416,0.584
383,CA73,11,Oct,,0,2.5,30,Gravel_allu,70,0.7,0,0.7,Over_50,Test,30.73146,104.98553,-104.98553,0.9,0.1
384,CA65,11,Aug,,0,100,40,Sand,60,0.7,0,0.7,Over_50,Test,30.74305,105.00925,-105.00925,0.922,0.078
385,CA65,11,Apr,,100,0,0,Gravel_allu,0,0,0.7,0.7,Over_50,Test,30.74438,105.01018,-105.01018,0.448,0.552
386,CA59,11,Apr,,0,2,0,Gravel_allu,100,0.75,0,0.75,Over_50,Test,30.77796,105.01648,-105.01648,0.868,0.132
387,CA67,11,Oct,,0,2,70,Gravel_allu,30,0.8,0,0.8,Over_50,Test,30.78694,104.98812,-104.98812,0.914,0.086
388,CA76,11,Oct,,0,100,0,Gravel_allu,100,0.9,0,0.9,Less_50,Test,30.74602,105.00867,-105.00867,0.884,0.116
389,CA68,11,Aug,,0,100,20,Gravel_allu,80,1,0,1,Over_50,Test,30.73661,104.98127,-104.98127,0.826,0.174
390,CA69,11,Apr,,0,1,10,Sand,90,1,0,1,Over_50,Test,30.77565,105.01691,-105.01691,0.898,0.102
391,CA74,11,Apr,,100,0,0,Gravel_allu,0,0,0.7,1,Less_50,Test,30.73599,105.00376,-105.00376,0.45,0.55
392,CA69,11,Apr,,0,100,40,Gravel_allu,60,1.2,0,1.2,Less_50,Test,30.7736,105.01594,-105.01594,0.878,0.122
393,CA69,11,Aug,,0,3,0,Gravel_allu,100,1.2,0,1.2,Over_50,Test,30.77262,105.01637,-105.01637,0.782,0.218
394,CA69,11,May,,0,2.5,70,Sand,30,1.3,0,1.3,Over_50,Test,30.77439,105.01742,-105.01742,0.896,0.104
395,CA67,11,Oct,,0,1.2,50,Gravel_allu,50,1.8,0,1.8,Over_50,Test,30.78776,104.98739,-104.98739,0.874,0.126
396,CA62,11,Oct,,0,4,0,Gravel_allu,100,2,0,2,Over_50,Test,30.7307,104.98911,-104.98911,0.862,0.138
397,CA52,11,Jul,,60,0,40,Sand,0,0,15,2,Over_50,Test,30.7321,104.9916,-104.9916,0.368,0.632
402,CA52,12,Oct,,0,1.5,60,Gravel_allu,40,0.3,0,0.3,Less_50,Test,30.73425,104.99026,-104.99026,0.834,0.166
403,CA60,12,Oct,,50,0,50,Gravel_allu,0,0,0.75,0.3,Over_50,Test,30.71345,104.97089,-104.97089,0.448,0.552
404,CA76,12,Apr,,100,0,0,Gravel_allu,0,0,0.8,0.3,Over_50,Test,30.74439,105.01237,-105.01237,0.442,0.558
405,CA61,12,Apr,,40,0,20,Gravel_allu,40,0.4,0,0.4,Over_50,Test,30.72982,104.9894,-104.9894,0.754,0.246
406,CA64,12,Apr,,0,0.6,50,Gravel_allu,50,0.4,0,0.4,Over_50,Test,30.73443,104.97811,-104.97811,0.848,0.152
407,CA63,12,Apr,,0,100,20,Gravel_allu,80,0.4,0,0.4,Over_50,Test,30.77321,105.01494,-105.01494,0.862,0.138
408,CA64,12,Oct,,60,0,0,Gravel_allu,40,0.4,0,0.4,Over_50,Test,30.72641,104.97812,-104.97812,0.666,0.334
409,CA70,12,Apr,,90,0,0,Gravel_allu,10,0.4,0,0.4,Over_50,Test,30.77177,105.01513,-105.01513,0.62,0.38
410,CA70,12,Apr,,100,0,0,Gravel_allu,0,0,0.7,0.4,Over_50,Test,30.77177,105.01511,-105.01511,0.44,0.56
411,CA64,12,Apr,,0,1.5,70,Gravel_allu,30,0.5,0,0.5,Over_50,Test,30.73448,104.97821,-104.97821,0.896,0.104
412,CA70,12,Aug,,0,1.5,20,Gravel_allu,80,0.5,0,0.5,Over_50,Test,30.77045,105.00597,-105.00597,0.792,0.208
413,CA66,12,Oct,,0,2.5,50,Gravel_allu,50,0.5,0,0.5,Over_50,Test,30.73035,104.98633,-104.98633,0.896,0.104
414,CA67,12,Aug,,0,100,20,Gravel_allu,80,0.5,0,0.5,Over_50,Test,30.78483,104.98721,-104.98721,0.836,0.164
415,CA61,12,May,,100,0,0,Gravel_allu,0,0,0.7,0.5,Over_50,Test,30.73058,104.99021,-104.99021,0.436,0.564
416,CA69,12,Sep,,20,0,0,Gravel_allu,80,0.7,0,0.7,Over_50,Test,30.77721,105.01782,-105.01782,0.67,0.33
417,CA64,12,Jul,,0,0.6,40,Sand,60,0.7,0,0.7,Over_50,Test,30.73139,104.97962,-104.97962,0.648,0.352
418,CA61,12,Apr,,10,0,10,Sand,80,0.75,0,0.75,Over_50,Test,30.72987,104.98936,-104.98936,0.78,0.22
419,CA58,12,Apr,,0,100,10,Gravel_allu,90,1,0,1,Over_50,Test,30.73008,104.99017,-104.99017,0.904,0.096
420,CA63,12,Apr,,0,100,50,Gravel_allu,50,1.2,0,1.2,Over_50,Test,30.77323,105.01406,-105.01406,0.908,0.092
421,CA56,12,Sep,,0,20,30,Sand,70,1.4,0,1.4,Over_50,Test,30.72859,104.97243,-104.97243,0.806,0.194
422,CA68,12,Apr,,0,2.5,0,Gravel_allu,100,1.8,0,1.8,Over_50,Test,30.73983,104.98463,-104.98463,0.844,0.156
423,CA53,12,Oct,,0,2,0,Gravel_allu,100,2,0,2,Over_50,Test,30.7806,104.98597,-104.98597,0.848,0.152
424,CA56,12,Sep,,0,100,0,Gravel_allu,100,2,0,2,Over_50,Test,30.72791,104.97255,-104.97255,0.772,0.228
425,CA53,12,May,,0,2.5,30,Sand,70,2,0,2,Over_50,Test,30.7815,104.98375,-104.98375,0.79,0.21
426,CA58,12,Jul,,50,0,40,Sand,10,2.5,10,2.5,Over_50,Test,30.73011,104.98875,-104.98875,0.532,0.468
427,CA65,12,Oct,,40,0,20,Gravel_allu,40,3,0,3,Over_50,Test,30.74232,105.00851,-105.00851,0.764,0.236
435,CA55,13,Oct,,0,15,20,Sand,80,0.2,0,0.2,Over_50,Test,30.72779,104.97173,-104.97173,0.79,0.21
436,CA66,13,Apr,,80,0,10,Gravel_allu,10,0.3,0,0.3,Over_50,Test,30.73122,104.98768,-104.98768,0.608,0.392
437,CA63,13,Jun,,0,100,0,Gravel_allu,100,0.3,0,0.3,Over_50,Test,30.77418,105.01318,-105.01318,0.566,0.434
438,CA66,13,May,,10,0,20,Gravel_allu,70,0.4,0,0.4,Over_50,Test,30.73097,104.98633,-104.98633,0.698,0.302
439,CA65,13,Apr,,0,5,20,Gravel_allu,80,0.4,0,0.4,Over_50,Test,30.74398,105.01248,-105.01248,0.818,0.182
440,CA74,13,Apr,,70,0,10,Sand,20,0.5,0,0.5,Over_50,Test,30.73292,105.00221,-105.00221,0.666,0.334
441,CA55,13,Sep,,0,6,90,Sand,10,0.5,0,0.5,Less_50,Test,30.72787,104.97171,-104.97171,0.794,0.206
442,CA70,13,Sep,,0,100,60,Gravel_allu,40,0.8,0,0.8,Over_50,Test,30.772,105.0108,-105.0108,0.938,0.062
443,CA70,13,Apr,,0,2.5,30,Gravel_allu,70,1,0,1,Over_50,Test,30.77145,105.01525,-105.01525,0.848,0.152
444,CA62,13,Oct,,0,2.5,10,Gravel_allu,90,1,0,1,Over_50,Test,30.73274,104.98961,-104.98961,0.87,0.13
445,CA63,13,Apr,,0,100,30,Gravel_allu,70,1,0,1,Over_50,Test,30.77184,105.01164,-105.01164,0.878,0.122
446,CA62,13,Jul,,0,100,60,Gravel_allu,40,1,0,1,Over_50,Test,30.73125,104.98956,-104.98956,0.69,0.31
447,CA69,13,Aug,,0,2.5,0,Gravel_allu,100,1,0,1,Over_50,Test,30.7754,105.01466,-105.01466,0.736,0.264
448,CA68,13,May,,40,0,20,Sand,30,1.2,0,1.2,Over_50,Test,30.73815,104.98312,-104.98312,0.758,0.242
449,CA59,13,Jul,,0,100,50,Gravel_allu,50,1.3,0,1.3,Over_50,Test,30.77566,105.01716,-105.01716,0.624,0.376
450,CA73,13,Sep,,0,2,40,Sand,60,1.3,0,1.3,Over_50,Test,30.73212,104.98607,-104.98607,0.788,0.212
451,CA76,13,Sep,,0,100,20,Sand,80,1.4,0,1.4,Over_50,Test,30.7429,105.0097,-105.0097,0.836,0.164
452,CA59,13,Aug,,0,5,20,Gravel_allu,80,1.5,0,1.5,Over_50,Test,30.77633,105.01586,-105.01586,0.762,0.238
453,CA76,13,Aug,,0,100,10,Gravel_allu,90,1.6,0,1.6,Over_50,Test,30.74291,105.01192,-105.01192,0.768,0.232
454,CA61,13,Apr,,0,4,20,Gravel_allu,80,2,0,2,Over_50,Test,30.73019,104.99022,-104.99022,0.828,0.172
455,CA70,13,Apr,,0,100,20,Gravel_allu,80,2.5,0,2.5,Over_50,Test,30.77315,105.01543,-105.01543,0.852,0.148
456,CA55,13,Sep,,0,1.25,80,Sand,20,3,0,3,Over_50,Test,30.72785,104.97166,-104.97166,0.77,0.23
461,CA70,14,Aug,,90,0,0,Gravel_allu,10,0.1,0,0.1,Over_50,Test,30.76949,105.00689,-105.00689,0.468,0.532
462,CA67,14,May,,40,0,40,Gravel_allu,20,0.2,0,0.2,Over_50,Test,30.78677,104.98902,-104.98902,0.582,0.418
463,CA62,14,Apr,,40,0,30,Gravel_allu,30,0.3,0,0.3,Over_50,Test,30.73322,104.98896,-104.98896,0.692,0.308
464,CA54,14,Oct,,50,0,10,Gravel_allu,40,0.3,0,0.3,Over_50,Test,30.77225,105.02022,-105.02022,0.636,0.364
465,CA72,14,Apr,,80,0,20,Gravel_allu,0,0,0.6,0.3,Over_50,Test,30.72854,104.9893,-104.9893,0.416,0.584
466,CA52,14,Oct,,30,0,60,Gravel_allu,10,0.4,0,0.4,Over_50,Test,30.73417,104.99148,-104.99148,0.71,0.29
467,CA72,14,Apr,,70,0,20,Gravel_allu,10,0.5,0,0.5,Over_50,Test,30.72852,104.98931,-104.98931,0.666,0.334
468,CA65,14,Apr,,0,1,70,Gravel_allu,30,0.5,0,0.5,Over_50,Test,30.74472,105.01192,-105.01192,0.882,0.118
469,CA71,14,Aug,,0,2.5,30,Gravel_allu,70,0.5,0,0.5,Over_50,Test,30.73165,104.98945,-104.98945,0.782,0.218
470,CA66,14,Oct,,0,3,30,Gravel_allu,70,0.5,0,0.5,Over_50,Test,30.72813,104.98322,-104.98322,0.868,0.132
471,CA58,14,Apr,,0,6,20,Gravel_allu,80,0.5,0,0.5,Over_50,Test,30.73004,104.99045,-104.99045,0.81,0.19
472,CA58,14,Apr,,0,10,0,Gravel_allu,100,0.6,0,0.6,Over_50,Test,30.72996,104.98998,-104.98998,0.818,0.182
473,CA62,14,Apr,,0,3,50,Gravel_allu,50,0.7,0,0.7,Over_50,Test,30.73273,104.98968,-104.98968,0.884,0.116
474,CA52,14,Sep,,80,0,0,Gravel_allu,20,0.7,0,0.7,Over_50,Test,30.73397,104.99401,-104.99401,0.59,0.41
475,CA64,14,Sep,,0,7,80,Gravel_allu,20,0.8,0,0.8,Less_50,Test,30.7247,104.98193,-104.98193,0.778,0.222
476,CA65,14,Oct,,0,100,0,Gravel_allu,100,0.8,0,0.8,Over_50,Test,30.74324,105.00927,-105.00927,0.84,0.16
477,CA59,14,Aug,,0,0.7,40,Gravel_allu,60,1,0,1,Over_50,Test,30.77534,105.01447,-105.01447,0.77,0.23
478,CA69,14,Aug,,0,0.8,30,Gravel_allu,70,1,0,1,Over_50,Test,30.77572,105.01928,-105.01928,0.74,0.26
479,CA69,14,Apr,,0,100,20,Gravel_allu,80,1,0,1,Over_50,Test,30.77451,105.01694,-105.01694,0.836,0.164
480,CA54,14,Oct,,0,3,0,Gravel_allu,100,1,0,1,Over_50,Test,30.77228,105.01996,-105.01996,0.814,0.186
481,CA76,14,Sep,,0,100,0,Gravel_allu,100,1.2,0,1.2,Over_50,Test,30.74644,105.00892,-105.00892,0.772,0.228
482,CA70,14,Aug,,0,2,70,Gravel_allu,30,1.3,0,1.3,Over_50,Test,30.77315,105.01342,-105.01342,0.818,0.182
483,CA73,14,Aug,,0,2,30,Sand,70,1.3,0,1.3,Over_50,Test,30.73118,104.98623,-104.98623,0.734,0.266
484,CA76,14,Sep,,0,100,0,Gravel_allu,100,1.4,0,1.4,Over_50,Test,30.74624,105.00893,-105.00893,0.754,0.246
485,CA52,14,Apr,,0,1.5,20,Gravel_allu,80,1.5,0,1.5,Over_50,Test,30.73406,104.99248,-104.99248,0.784,0.216
486,CA52,14,Apr,,0,1.5,20,Gravel_allu,80,1.5,0,1.5,Over_50,Test,30.73398,104.99249,-104.99249,0.784,0.216
487,CA63,14,Jul,,0,100,10,Gravel_allu,90,1.5,0,1.5,Over_50,Test,30.77359,105.01266,-105.01266,0.486,0.514
488,CA73,14,Sep,,30,0,40,Sand,30,1.5,0,1.5,Over_50,Test,30.73109,104.9861,-104.9861,0.732,0.268
489,CA53,14,Aug,,0,2,20,Sand,80,1.5,0,1.5,Over_50,Test,30.78238,104.98479,-104.98479,0.702,0.298
490,CA73,14,Sep,,0,1.3,20,Sand,80,1.7,0,1.7,Over_50,Test,30.73177,104.98605,-104.98605,0.68,0.32
491,CA73,14,Apr,,0,5,80,Sand,20,2,0,2,Over_50,Test,30.73175,104.98608,-104.98608,0.782,0.218
492,CA55,14,Oct,,50,0,10,Sand,40,3,0,3,Over_50,Test,30.72782,104.97175,-104.97175,0.678,0.322
494,CA67,15,Apr,,60,0,10,Gravel_allu,20,0.2,0,0.2,Over_50,Test,30.78468,104.98826,-104.98826,0.51,0.49
495,CA62,15,Aug,,70,0,20,Gravel_allu,10,0.3,0,0.3,Over_50,Test,30.7331,104.98949,-104.98949,0.556,0.444
496,CA68,15,Apr,,50,0,50,Gravel_allu,0,0,0.7,0.3,Over_50,Test,30.73894,104.98573,-104.98573,0.444,0.556
497,CA70,15,Apr,,100,0,0,Gravel_allu,0,0,0.7,0.3,Over_50,Test,30.77094,105.01578,-105.01578,0.424,0.576
498,CA65,15,Jun,,0,3,90,Gravel_allu,10,0.4,0,0.4,0,Test,30.74477,105.01143,-105.01143,0.516,0.484
499,CA67,15,Apr,,40,0,10,Gravel_allu,50,0.5,0,0.5,Over_50,Test,30.78526,104.98883,-104.98883,0.738,0.262
500,CA62,15,Oct,,0,10,40,Gravel_allu,60,0.5,0,0.5,Less_50,Test,30.73203,104.98955,-104.98955,0.896,0.104
501,CA76,15,Sep,,0,100,70,Gravel_allu,30,0.5,0,0.5,Less_50,Test,30.74214,105.01272,-105.01272,0.944,0.056
502,CA67,15,Apr,,0,2.5,0,Gravel_allu,100,0.5,0,0.5,Over_50,Test,30.78706,104.9886,-104.9886,0.792,0.208
503,CA71,15,Jun,,0,5,0,Gravel_allu,100,0.5,0,0.5,Over_50,Test,30.7308,104.98914,-104.98914,0.572,0.428
504,CA56,15,Apr,,0,15,20,Sand,80,0.5,0,0.5,Over_50,Test,30.72927,104.97308,-104.97308,0.812,0.188
505,CA52,15,May,,100,0,0,Gravel_allu,0,0,0.7,0.5,Over_50,Test,30.73326,104.99224,-104.99224,0.424,0.576
506,CA72,15,Oct,,0,1,40,Gravel_allu,60,0.6,0,0.6,Over_50,Test,30.72908,104.98894,-104.98894,0.86,0.14
507,CA67,15,Apr,,30,0,30,Gravel_allu,60,0.7,0,0.7,Over_50,Test,30.78527,104.98886,-104.98886,0.734,0.266
508,CA57,15,Sep,,45,0,5,Sand,50,0.75,0,0.75,Over_50,Test,30.77255,105.02197,-105.02197,0.684,0.316
509,CA65,15,Aug,,0,1,20,Gravel_allu,80,0.8,0,0.8,Over_50,Test,30.7442,105.01257,-105.01257,0.704,0.296
510,CA65,15,Oct,,0,100,10,Sand,90,0.8,0,0.8,Over_50,Test,30.74293,105.00983,-105.00983,0.86,0.14
511,CA62,15,Sep,,0,100,20,Sand,80,0.8,0,0.8,Over_50,Test,30.73101,104.98909,-104.98909,0.788,0.212
512,CA68,15,Oct,,0,2,20,Gravel_allu,80,0.9,0,0.9,Less_50,Test,30.73811,104.98487,-104.98487,0.838,0.162
513,CA74,15,Apr,,80,0,0,Gravel_allu,20,1,0,1,Over_50,Test,30.73659,105.00207,-105.00207,0.63,0.37
514,CA70,15,Jul,,0,2,20,Gravel_allu,80,1.2,0,1.2,Over_50,Test,30.77404,105.01509,-105.01509,0.538,0.462
515,CA73,15,Apr,,0,5,0,Gravel_allu,100,1.2,0,1.2,Over_50,Test,30.7315,104.98509,-104.98509,0.784,0.216
516,CA66,15,Sep,,0,5,20,Gravel_allu,80,1.3,0,1.3,Over_50,Test,30.72946,104.98599,-104.98599,0.648,0.352
517,CA52,15,Apr,,0,1.5,20,Gravel_allu,80,1.5,0,1.5,Over_50,Test,30.733397,104.99255,-104.99255,0.762,0.238
518,CA54,15,Sep,,0,25,50,Gravel_allu,50,1.5,0,1.5,Over_50,Test,30.77643,105.01595,-105.01595,0.826,0.174
519,CA67,15,Oct,,20,0,0,Gravel_allu,80,1.5,0,1.5,Over_50,Test,30.79211,104.99302,-104.99302,0.684,0.316
520,CA66,15,Oct,,0,1.2,10,Sand,90,1.5,0,1.5,Over_50,Test,30.72865,104.98737,-104.98737,0.802,0.198
521,CA53,15,Jul,,0,2,20,Sand,80,1.5,0,1.5,Over_50,Test,30.78237,104.98482,-104.98482,0.506,0.494
522,CA56,15,Sep,,0,3,80,Sand,20,1.5,0,1.5,Over_50,Test,30.72816,104.9726,-104.9726,0.772,0.228
523,CA59,15,Oct,,0,2,50,Gravel_allu,50,2,0,2,Over_50,Test,30.77798,105.01646,-105.01646,0.848,0.152
524,CA55,15,Sep,,30,0,20,Sand,50,2.5,0,2.5,Over_50,Test,30.72786,104.97168,-104.97168,0.64,0.36
526,CA74,16,Apr,,70,0,20,Gravel_allu,10,0.3,0,0.3,Over_50,Test,30.73514,105.0009,-105.0009,0.594,0.406
527,CA58,16,Oct,,0,100,20,Gravel_allu,80,0.3,0,0.3,Over_50,Test,30.72991,104.99015,-104.99015,0.838,0.162
528,CA73,16,Jun,,0,5,20,Gravel_allu,80,0.4,0,0.4,Less_50,Test,30.73202,104.98534,-104.98534,0.59,0.41
529,CA66,16,Sep,,60,0,10,Sand,30,0.4,0,0.4,Over_50,Test,30.72762,104.98418,-104.98418,0.61,0.39
530,CA65,16,Apr,,40,0,60,Gravel_allu,0,0,0.5,0.4,Over_50,Test,30.74517,105.00977,-105.00977,0.476,0.524
531,CA66,16,Apr,,100,0,0,Gravel_allu,0,0,0.6,0.4,Over_50,Test,30.7306,104.98759,-104.98759,0.402,0.598
532,CA65,16,Apr,,0,1,60,Gravel_allu,40,0.5,0,0.5,Over_50,Test,30.74473,105.01193,-105.01193,0.866,0.134
533,CA68,16,Sep,,0,5,40,Gravel_allu,60,0.5,0,0.5,Over_50,Test,30.74013,104.98644,-104.98644,0.786,0.214
534,CA54,16,Sep,,0,10,60,Gravel_allu,40,0.5,0,0.5,Over_50,Test,30.7716,105.0172,-105.0172,0.892,0.108
535,CA64,16,Aug,,0,100,30,Gravel_allu,70,0.5,0,0.5,Over_50,Test,30.73013,104.9797,-104.9797,0.828,0.172
536,CA64,16,Oct,,0,0.5,20,Sand,80,0.5,0,0.5,Over_50,Test,30.72705,104.98093,-104.98093,0.76,0.24
537,CA69,16,May,,0,3,20,Gravel_allu,80,0.6,0,0.6,Over_50,Test,30.7753,105.01801,-105.01801,0.744,0.256
538,CA74,16,Oct,,0,5,20,Gravel_allu,80,0.8,0,0.8,Over_50,Test,30.73221,105.00224,-105.00224,0.812,0.188
539,CA56,16,Aug,,0,100,50,Gravel_allu,0,1,0,1,Over_50,Test,30.72736,104.97127,-104.97127,0.616,0.384
540,CA54,16,Oct,,0,3,0,Gravel_allu,100,1,0,1,Over_50,Test,30.77231,105.01994,-105.01994,0.79,0.21
541,CA64,16,Sep,,100,0,0,Gravel_allu,0,0,0.7,1,Over_50,Test,30.72906,104.98164,-104.98164,0.418,0.582
542,CA65,16,Aug,,70,0,20,Gravel_allu,10,1.3,0,1.3,Over_50,Test,30.7439,105.01116,-105.01116,0.578,0.422
543,CA66,16,Jun,,0,100,40,Gravel_allu,60,1.3,0,1.3,Over_50,Test,30.73136,104.98604,-104.98604,0.43,0.57
544,CA68,16,Aug,,10,0,20,Sand,70,1.5,0,1.5,Over_50,Test,30.7384,104.98537,-104.98537,0.598,0.402
545,CA53,16,Jul,,0,2,50,Sand,50,1.75,0,1.75,Over_50,Test,30.77871,104.98177,-104.98177,0.584,0.416
546,CA64,16,Apr,,0,2,30,Gravel_allu,70,1.8,0,1.8,Over_50,Test,30.73433,104.979,-104.979,0.754,0.246
547,CA72,16,Oct,,0,0.7,10,Sand,90,2,0,2,Over_50,Test,30.72902,104.98866,-104.98866,0.756,0.244
548,CA70,16,May,,0,100,20,Gravel_allu,80,2.5,0,2.5,Over_50,Test,30.77315,105.0154,-105.0154,0.728,0.272
551,CA70,17,Jul,,0,2,40,Gravel_allu,60,0.3,0,0.3,Less_50,Test,30.77246,105.01657,-105.01657,0.584,0.416
552,CA72,17,Apr,,80,0,20,Gravel_allu,0,0,0.6,0.3,Over_50,Test,30.72851,104.9893,-104.9893,0.406,0.594
553,CA59,17,Jun,,0,10,100,Gravel_allu,0,0,0.7,0.3,Over_50,Test,30.77694,105.01843,-105.01843,0.544,0.456
554,CA75,17,Oct,,0,3,90,Gravel_allu,10,0.4,0,0.4,Less_50,Test,30.76408,105.0092,-105.0092,0.82,0.18
555,CA67,17,Jun,,100,0,0,Gravel_allu,0,0,1,0.4,Over_50,Test,30.78715,104.98792,-104.98792,0.38,0.62
556,CA65,17,Oct,,0,1.5,90,Gravel_allu,10,0.5,0,0.5,0,Test,30.74486,105.01249,-105.01249,0.738,0.262
557,CA76,17,Oct,,0,2,70,Gravel_allu,30,0.5,0,0.5,Over_50,Test,30.74579,105.01138,-105.01138,0.896,0.104
558,CA54,17,Sep,,0,3,60,Gravel_allu,40,0.5,0,0.5,Over_50,Test,30.77419,105.02047,-105.02047,0.86,0.14
559,CA76,17,Jun,,0,4,80,Gravel_allu,20,0.6,0,0.6,Over_50,Test,30.74819,105.00913,-105.00913,0.638,0.362
560,CA56,17,Aug,,0,100,100,Gravel_allu,0,0,0.7,0.7,0,Test,30.7282,104.97165,-104.97165,0.234,0.766
561,CA65,17,Apr,,100,0,0,Gravel_allu,0,0,0.7,0.7,Over_50,Test,30.74437,105.01012,-105.01012,0.42,0.58
562,CA54,17,Aug,,0,5,0,Gravel_allu,100,0.8,0,0.8,Over_50,Test,30.77489,105.0163,-105.0163,0.664,0.336
563,CA68,17,Aug,,0,100,50,Gravel_allu,50,1,0,1,Over_50,Test,30.73697,104.98348,-104.98348,0.864,0.136
564,CA63,17,Oct,,0,3,0,Gravel_allu,100,1,0,1,Over_50,Test,30.77512,105.01624,-105.01624,0.792,0.208
565,CA70,17,Jul,,0,100,20,Sand,80,1,0,1,Over_50,Test,30.77256,105.01174,-105.01174,0.432,0.568
566,CA70,17,Apr,,0,4,20,Gravel_allu,80,1.2,0,1.2,Over_50,Test,30.77202,105.01497,-105.01497,0.764,0.236
567,CA68,17,May,,40,0,20,Sand,30,1.2,0,1.2,Over_50,Test,30.73815,104.98309,-104.98309,0.71,0.29
568,CA65,17,Sep,,0,100,0,Gravel_allu,100,1.3,0,1.3,Over_50,Test,30.74579,105.00833,-105.00833,0.696,0.304
569,CA70,17,Oct,,0,100,10,Sand,90,1.3,0,1.3,Over_50,Test,30.77291,105.01369,-105.01369,0.792,0.208
570,CA76,17,Oct,,0,100,0,Gravel_allu,100,1.4,0,1.4,Over_50,Test,30.74578,105.00846,-105.00846,0.774,0.226
571,CA68,17,Sep,,0,1,30,Gravel_allu,70,1.5,0,1.5,Over_50,Test,30.73543,104.98658,-104.98658,0.636,0.364
572,CA56,17,Aug,,0,1.5,30,Sand,70,1.5,0,1.5,Over_50,Test,30.72669,104.9712,-104.9712,0.672,0.328
573,CA53,17,Jun,,0,2,20,Sand,80,1.5,0,1.5,Over_50,Test,30.78237,104.98482,-104.98482,0.554,0.446
574,CA69,17,Oct,,0,2.5,60,Sand,40,1.5,0,1.5,Over_50,Test,30.77383,105.01591,-105.01591,0.804,0.196
575,CA67,17,Apr,,0,10,30,Sand,70,1.7,0,1.7,Over_50,Test,30.78835,104.98925,-104.98925,0.768,0.232
576,CA55,17,Oct,,50,0,10,Sand,40,3,0,3,Over_50,Test,30.72786,104.97173,-104.97173,0.648,0.352
588,CA67,18,Sep,,0,3,90,Gravel_allu,10,0.2,0,0.2,0,Test,30.78865,104.98821,-104.98821,0.626,0.374
589,CA64,18,Aug,,0,1.5,70,Gravel_allu,30,0.3,0,0.3,Less_50,Test,30.7297,104.97788,-104.97788,0.728,0.272
590,CA53,18,Jul,,0,100,70,Gravel_allu,30,0.3,0,0.3,Less_50,Test,30.78237,104.98485,-104.98485,0.614,0.386
591,CA63,18,Aug,,0,100,30,Sand,70,0.3,0,0.3,Over_50,Test,30.77296,105.01466,-105.01466,0.748,0.252
592,CA68,18,Aug,,0,1,100,Gravel_allu,0,0,0.7,0.3,0,Test,30.73699,104.98708,-104.98708,0.402,0.598
593,CA74,18,Oct,,0,100,70,Gravel_allu,30,0.4,0,0.4,Less_50,Test,30.73624,104.99834,-104.99834,0.888,0.112
594,CA57,18,Aug,,0,0.6,100,Gravel_allu,0,0,0.7,0.4,0,Test,30.77667,105.03175,-105.03175,0.396,0.604
595,CA76,18,May,,0,3,80,Gravel_allu,20,0.5,0,0.5,Less_50,Test,30.74318,105.01443,-105.01443,0.812,0.188
596,CA66,18,Sep,,0,2,100,Gravel_allu,0,0,0.6,0.5,0,Test,30.73029,104.98427,-104.98427,0.546,0.454
597,CA69,18,Oct,,0,3,20,Gravel_allu,80,0.6,0,0.6,Less_50,Test,30.77273,105.01717,-105.01717,0.864,0.136
598,CA62,18,Sep,,0,100,60,Gravel_allu,40,0.6,0,0.6,Over_50,Test,30.73133,104.9892,-104.9892,0.944,0.056
599,CA66,18,Aug,,100,0,0,Gravel_allu,0,0,0.5,0.6,Over_50,Test,30.72761,104.98422,-104.98422,0.35,0.65
600,CA53,18,May,,100,0,0,Gravel_allu,0,0,0.5,0.6,Over_50,Test,30.78014,104.98585,-104.98585,0.398,0.602
601,CA65,18,Jun,,0,1,70,Gravel_allu,30,0.7,0,0.7,Over_50,Test,30.74456,105.01175,-105.01175,0.68,0.32
602,CA76,18,Jul,,0,100,30,Gravel_allu,70,0.7,0,0.7,Less_50,Test,30.74483,105.00662,-105.00662,0.672,0.328
603,CA63,18,Oct,,0,100,50,Gravel_allu,50,0.9,0,0.9,Over_50,Test,30.7734,105.01379,-105.01379,0.894,0.106
604,CA59,18,Sep,,0,0.7,20,Gravel_allu,80,1,0,1,Over_50,Test,30.77723,105.01523,-105.01523,0.648,0.352
605,CA57,18,Jul,,0,1.5,20,Gravel_allu,80,1,0,1,Over_50,Test,30.77011,105.02452,-105.02452,0.512,0.488
606,CA57,18,Jul,,0,1,0,Gravel_allu,100,1,0,1,Over_50,Test,30.77167,105.02321,-105.02321,0.472,0.528
607,CA54,18,Oct,,0,3,0,Gravel_allu,100,1,0,1,Over_50,Test,30.77228,105.01998,-105.01998,0.808,0.192
608,CA63,18,Oct,,0,3,0,Gravel_allu,100,1,0,1,Over_50,Test,30.7751,105.01625,-105.01625,0.808,0.192
609,CA53,18,Aug,,0,100,0,Gravel_allu,100,1,0,1,Over_50,Test,30.78678,104.9862,-104.9862,0.702,0.298
610,CA69,18,Jul,,0,2.5,80,Sand,20,1,0,1,Over_50,Test,30.77435,105.01742,-105.01742,0.602,0.398
611,CA62,18,May,,90,0,10,Gravel_allu,0,0,1,1,Over_50,Test,30.73275,104.98868,-104.98868,0.438,0.562
612,CA62,18,May,,90,0,10,Gravel_allu,0,0,1,1,Over_50,Test,30.73275,104.9887,-104.9887,0.438,0.562
613,CA59,18,May,,0,100,80,Gravel_allu,20,1.5,0,1.5,Less_50,Test,30.77812,105.01674,-105.01674,0.764,0.236
614,CA71,18,Aug,,0,2,0,Gravel_allu,100,1.5,0,1.5,Over_50,Test,30.72994,104.98269,-104.98269,0.644,0.356
615,CA73,18,Aug,,0,3,70,Sand,30,1.5,0,1.5,Over_50,Test,30.73218,104.9856,-104.9856,0.714,0.286
616,CA65,18,May,,0,100,10,Gravel_allu,90,1.7,0,1.7,Over_50,Test,30.74284,105.01177,-105.01177,0.768,0.232
617,CA53,18,Sep,,0,2,0,Gravel_allu,100,2,0,2,Over_50,Test,30.78057,104.98602,-104.98602,0.61,0.39
627,CA67,19,Oct,,0,1.2,95,Gravel_allu,5,0.1,0,0.1,0,Test,30.7871,104.98859,-104.98859,0.422,0.578
628,CA63,19,Sep,,0,100,80,Gravel_allu,20,0.1,0,0.1,0,Test,30.77164,105.01144,-105.01144,0.546,0.454
629,CA52,19,Jun,,0,2,30,Gravel_allu,70,0.15,0,0.15,0,Test,30.73164,104.99052,-104.99052,0.562,0.438
630,CA76,19,May,,0,100,90,Gravel_allu,10,0.2,0,0.2,0,Test,30.74207,105.01121,-105.01121,0.592,0.408
631,CA52,19,Jul,,60,0,10,Sand,30,0.2,0,0.2,Less_50,Test,30.73061,104.99036,-104.99036,0.358,0.642
632,CA54,19,Sep,,0,1.5,80,Gravel_allu,20,0.3,0,0.3,Less_50,Test,30.77369,105.0208,-105.0208,0.736,0.264
633,CA59,19,Jun,,0,4,90,Gravel_allu,10,0.3,0,0.3,0,Test,30.77802,105.01895,-105.01895,0.504,0.496
634,CA65,19,Sep,,0,100,0,Gravel_allu,100,0.3,0,0.3,Over_50,Test,30.74494,105.00761,-105.00761,0.742,0.258
635,CA65,19,Aug,,0,0.6,100,Gravel_allu,0,0,0.6,0.3,0,Test,30.74453,105.00751,-105.00751,0.408,0.592
636,CA66,19,Jul,,0,2,100,Gravel_allu,0,0,0.6,0.3,0,Test,30.73102,104.98582,-104.98582,0.428,0.572
637,CA69,19,Sep,,100,0,0,Gravel_allu,0,0,0.7,0.3,Over_50,Test,30.77419,105.01284,-105.01284,0.418,0.582
638,CA66,19,May,,10,0,30,Gravel_allu,60,0.4,0,0.4,Over_50,Test,30.73098,104.98631,-104.98631,0.676,0.324
639,CA65,19,Apr,,20,0,10,Gravel_allu,70,0.4,0,0.4,Over_50,Test,30.74487,105.01106,-105.01106,0.71,0.29
640,CA65,19,Jun,,0,0.7,20,Gravel_allu,80,0.4,0,0.4,Over_50,Test,30.7445,105.01182,-105.01182,0.626,0.374
641,CA58,19,Jul,,0,3,80,Gravel_allu,20,0.4,0,0.4,0,Test,30.73033,104.99107,-104.99107,0.454,0.546
642,CA69,19,Oct,,0,100,70,Gravel_allu,30,0.4,0,0.4,Less_50,Test,30.77488,105.01739,-105.01739,0.884,0.116
643,CA59,19,Oct,,30,0,50,Gravel_allu,20,0.5,0,0.5,Less_50,Test,30.77703,105.01743,-105.01743,0.752,0.248
644,CA52,19,Aug,,40,0,30,Gravel_allu,30,0.5,0,0.5,Over_50,Test,30.73369,104.99121,-104.99121,0.69,0.31
645,CA68,19,Jul,,40,0,10,Gravel_allu,50,0.5,0,0.5,Less_50,Test,30.73934,104.98653,-104.98653,0.56,0.44
646,CA69,19,Sep,,0,1.5,20,Gravel_allu,80,0.5,0,0.5,Over_50,Test,30.77616,105.0172,-105.0172,0.682,0.318
647,CA57,19,May,,0,15,20,Gravel_allu,80,0.5,0,0.5,Over_50,Test,30.772,105.02281,-105.02281,0.776,0.224
648,CA76,19,Jun,,0,100,70,Gravel_allu,30,0.5,0,0.5,Less_50,Test,30.742,105.0112,-105.0112,0.654,0.346
649,CA70,19,Oct,,0,100,80,Gravel_allu,20,0.5,0,0.5,Less_50,Test,30.77247,105.0152,-105.0152,0.818,0.182
650,CA70,19,Sep,,0,100,90,Gravel_allu,10,0.5,0,0.5,0,Test,30.77362,105.01508,-105.01508,0.682,0.318
651,CA69,19,Sep,,0,100,60,Gravel_allu,40,0.5,0,0.5,Less_50,Test,30.77423,105.01516,-105.01516,0.946,0.054
652,CA68,19,Jul,,10,100,20,Sand,80,0.5,0,0.5,Over_50,Test,30.74484,105.00663,-105.00663,0.474,0.526
653,CA73,19,Jul,,40,0,60,Gravel_allu,0,0,0.6,0.5,Over_50,Test,30.73184,104.98475,-104.98475,0.402,0.598
654,CA62,19,Aug,,40,0,10,Gravel_allu,50,0.6,0,0.6,Over_50,Test,30.73299,104.98881,-104.98881,0.666,0.334
655,CA67,19,Aug,,0,20,70,Gravel_allu,30,0.6,0,0.6,Over_50,Test,30.78882,104.9895,-104.9895,0.85,0.15
656,CA54,19,Jun,,0,100,20,Sand,80,0.6,0,0.6,Over_50,Test,30.77346,105.02698,-105.02698,0.55,0.45
657,CA67,19,Apr,,90,0,0,Gravel_allu,10,0.7,0,0.7,0,Test,30.78553,104.98884,-104.98884,0.518,0.482
658,CA63,19,Sep,,0,2,70,Gravel_allu,30,0.8,0,0.8,Over_50,Test,30.77589,105.01707,-105.01707,0.876,0.124
659,CA68,19,May,,0,5,70,Gravel_allu,30,0.8,0,0.8,0,Test,30.73965,104.98585,-104.98585,0.73,0.27
660,CA76,19,Aug,,0,100,90,Gravel_allu,10,0.8,0,0.8,0,Test,30.74155,105.01222,-105.01222,0.682,0.318
661,CA53,19,Jun,,0,2,20,Gravel_allu,80,1,0,1,Over_50,Test,30.78446,104.98559,-104.98559,0.596,0.404
662,CA59,19,Jul,,0,7,80,Gravel_allu,20,1,0,1,Less_50,Test,30.7759,105.01694,-105.01694,0.622,0.378
663,CA63,19,Oct,,0,100,50,Gravel_allu,50,1,0,1,Over_50,Test,30.77582,105.01691,-105.01691,0.9,0.1
664,CA68,19,Jun,,0,100,70,Sand,30,1,0,1,Over_50,Test,30.7363,104.98339,-104.98339,0.632,0.368
665,CA64,19,Aug,,0,2,0,Gravel_allu,100,1.4,0,1.4,Over_50,Test,30.72509,104.98362,-104.98362,0.642,0.358
666,CA76,19,Jun,,0,15,60,Gravel_allu,40,1.5,0,1.5,Over_50,Test,30.74158,105.00934,-105.00934,0.606,0.394
667,CA70,19,Sep,,0,100,0,Gravel_allu,100,1.5,0,1.5,Over_50,Test,30.77347,105.01461,-105.01461,0.698,0.302
668,CA57,19,Aug,,0,15,50,Gravel_allu,50,2,0,2,Over_50,Test,30.77007,105.02431,-105.02431,0.776,0.224
669,CA71,19,Sep,,0,10,20,Sand,80,2,0,2,Over_50,Test,30.7319,104.98568,-104.98568,0.632,0.368
682,CA72,20,Aug,,0,100,95,Gravel_allu,5,0.1,0,0.1,0,Test,30.7338,104.99127,-104.99127,0.282,0.718
683,CA64,20,Jun,,0,100,95,Gravel_allu,5,0.1,0,0.1,0,Test,30.72912,104.97778,-104.97778,0.314,0.686
684,CA63,20,Aug,,0,100,80,Gravel_allu,20,0.2,0,0.2,0,Test,30.77127,105.01134,-105.01134,0.592,0.408
685,CA58,20,Aug,,0,100,95,Gravel_allu,5,0.2,0,0.2,0,Test,30.72907,104.99231,-104.99231,0.316,0.684
686,CA62,20,Aug,,0,100,90,Gravel_allu,10,0.2,0,0.2,Less_50,Test,30.73255,104.98935,-104.98935,0.68,0.32
687,CA68,20,May,,0,2.5,100,Gravel_allu,0,0,0.5,0.2,0,Test,30.73929,104.98537,-104.98537,0.518,0.482
688,CA57,20,Jul,,20,0,80,Gravel_allu,0,0,0.6,0.2,0,Test,30.76977,105.02154,-105.02154,0.278,0.722
689,CA63,20,Jul,,0,1,50,Gravel_allu,50,0.3,0,0.3,Over_50,Test,30.77302,105.01304,-105.01304,0.574,0.426
690,CA52,20,May,,0,3,90,Gravel_allu,10,0.3,0,0.3,Less_50,Test,30.73144,104.99007,-104.99007,0.726,0.274
691,CA64,20,Jun,,0,10,80,Gravel_allu,20,0.3,0,0.3,0,Test,30.72909,104.98046,-104.98046,0.538,0.462
692,CA66,20,Aug,,0,100,0,Gravel_allu,100,0.3,0,0.3,Over_50,Test,30.72796,104.98492,-104.98492,0.708,0.292
693,CA72,20,Aug,,100,0,0,Gravel_allu,0,0,0.5,0.3,Over_50,Test,30.73315,104.98915,-104.98915,0.348,0.652
694,CA66,20,Jun,,0,0.5,100,Gravel_allu,0,0,0.6,0.3,0,Test,30.73028,104.98376,-104.98376,0.518,0.482
695,CA53,20,Jun,,0,100,70,Gravel_allu,30,0.4,0,0.4,Less_50,Test,30.78444,104.98465,-104.98465,0.618,0.382
696,CA57,20,Aug,,10,0,20,Gravel_allu,70,0.5,0,0.5,Over_50,Test,30.77827,105.03577,-105.03577,0.686,0.314
697,CA61,20,May,,0,0.7,50,Gravel_allu,50,0.5,0,0.5,Over_50,Test,30.73026,104.9908,-104.9908,0.844,0.156
698,CA64,20,Jun,,0,2,90,Gravel_allu,10,0.5,0,0.5,0,Test,30.729,104.97805,-104.97805,0.562,0.438
699,CA52,20,Jul,,0,100,80,Gravel_allu,20,0.5,0,0.5,Less_50,Test,30.73506,104.99435,-104.99435,0.66,0.34
700,CA57,20,Jun,,50,0,30,Sand,20,0.5,0,0.5,Over_50,Test,30.77084,105.02055,-105.02055,0.528,0.472
701,CA52,20,Aug,,0,3,90,Sand,10,0.5,0,0.5,Over_50,Test,30.73317,104.99212,-104.99212,0.73,0.27
702,CA55,20,Sep,,0,5,90,Sand,10,0.5,0,0.5,Less_50,Test,30.72788,104.97176,-104.97176,0.78,0.22
703,CA56,20,Jul,,0,100,70,Sand,30,0.5,0,0.5,0,Test,30.72816,104.97239,-104.97239,0.532,0.468
704,CA65,20,Sep,,0,100,40,Gravel_allu,60,0.6,0,0.6,0,Test,30.74412,105.01294,-105.01294,0.83,0.17
705,CA64,20,May,,0,2,100,Gravel_allu,0,0,0.8,0.6,0,Test,30.72949,104.97817,-104.97817,0.546,0.454
706,CA61,20,Jun,,0,20,60,Sand,40,0.7,0,0.7,Less_50,Test,30.73041,104.98885,-104.98885,0.648,0.352
707,CA58,20,May,,0,20,20,Sand,80,0.7,0,0.7,Over_50,Test,30.73058,104.98983,-104.98983,0.796,0.204
708,CA65,20,May,,0,0.8,60,Gravel_allu,40,0.8,0,0.8,Over_50,Test,30.74457,105.01191,-105.01191,0.854,0.146
709,CA58,20,May,,0,1.5,20,Gravel_allu,80,0.8,0,0.8,Less_50,Test,30.7305,104.99062,-104.99062,0.752,0.248
710,CA70,20,Sep,,0,1.5,90,Gravel_allu,10,0.8,0,0.8,Over_50,Test,30.76936,105.00763,-105.00763,0.786,0.214
711,CA57,20,May,,0,2,70,Gravel_allu,30,0.8,0,0.8,Less_50,Test,30.77007,105.02192,-105.02192,0.89,0.11
712,CA71,20,Jul,,0,2,20,Sand,80,0.8,0,0.8,Over_50,Test,30.73099,104.98969,-104.98969,0.458,0.542
713,CA71,20,Aug,,0,1,70,Gravel_allu,30,0.9,0,0.9,Over_50,Test,30.73009,104.98944,-104.98944,0.806,0.194
714,CA58,20,Aug,,0,1,20,Gravel_allu,80,1,0,1,Over_50,Test,30.7319,104.9901,-104.9901,0.71,0.29
715,CA54,20,Jul,,0,0.7,100,Gravel_allu,0,0,0.6,1,0,Test,30.77374,105.02415,-105.02415,0.408,0.592
716,CA58,20,Aug,,0,2,20,Gravel_allu,80,1.2,0,1.2,Over_50,Test,30.73129,104.9892,-104.9892,0.722,0.278
717,CA69,20,Sep,,0,100,60,Gravel_allu,40,1.2,0,1.2,Over_50,Test,30.7735,105.01609,-105.01609,0.96,0.04
718,CA62,20,Aug,,0,100,20,Gravel_allu,80,1.4,0,1.4,Over_50,Test,30.73238,104.9894,-104.9894,0.72,0.28
719,CA72,20,Aug,,0,100,20,Gravel_allu,80,1.4,0,1.4,Over_50,Test,30.73238,104.9894,-104.9894,0.72,0.28
720,CA56,20,May,,0,2,30,Sand,70,1.5,0,1.5,Over_50,Test,30.72821,104.97262,-104.97262,0.754,0.246
721,CA61,20,Jun,,0,3.5,90,Sand,10,1.5,0,1.5,Over_50,Test,30.73009,104.98898,-104.98898,0.572,0.428
722,CA68,20,Jul,,0,5,80,Sand,20,1.5,0,1.5,Over_50,Test,30.73878,104.9857,-104.9857,0.53,0.47
723,CA62,20,Jun,,0,100,10,Sand,90,1.5,0,1.5,Over_50,Test,30.73106,104.9892,-104.9892,0.442,0.558
747,CA71,21,Jul,,0,3,30,Sand,70,0.1,0,0.1,0,Test,30.73079,104.98914,-104.98914,0.412,0.588
748,CA68,21,Jul,,0,1.5,80,Gravel_allu,20,0.2,0,0.2,0,Test,30.73964,104.9853,-104.9853,0.42,0.58
749,CA68,21,Jun,,0,1.5,90,Gravel_allu,10,0.2,0,0.2,0,Test,30.73708,104.9836,-104.9836,0.49,0.51
750,CA57,21,Sep,,0,5,70,Gravel_allu,30,0.2,0,0.2,0,Test,30.77204,105.02331,-105.02331,0.582,0.418
751,CA52,21,May,,40,0,40,Sand,10,0.2,0,0.2,0,Test,30.73221,104.99129,-104.99129,0.38,0.62
752,CA63,21,May,,30,0,70,Gravel_allu,0,0,1,0.2,0,Test,30.77431,105.01296,-105.01296,0.396,0.604
753,CA69,21,Jul,,20,0,70,Gravel_allu,10,0.3,0,0.3,0,Test,30.77389,105.01488,-105.01488,0.304,0.696
754,CA66,21,Jun,,0,1.3,90,Gravel_allu,10,0.3,0,0.3,0,Test,30.73201,104.98592,-104.98592,0.49,0.51
755,CA70,21,Jul,,0,100,90,Gravel_allu,10,0.3,0,0.3,0,Test,30.7739,105.01489,-105.01489,0.422,0.578
756,CA70,21,May,,0,100,80,Gravel_allu,20,0.3,0,0.3,0,Test,30.77334,105.0146,-105.0146,0.632,0.368
757,CA70,21,May,,0,100,100,Gravel_allu,0,0,0.7,0.3,0,Test,30.77328,105.01463,-105.01463,0.312,0.688
758,CA66,21,Jun,,0,0.6,100,Gravel_allu,0,0,1,0.3,0,Test,30.73008,104.98395,-104.98395,0.524,0.476
759,CA73,21,Jun,,0,0.6,60,Gravel_allu,40,0.4,0,0.4,Over_50,Test,30.7319,104.98565,-104.98565,0.626,0.374
760,CA68,21,Jun,,0,5,70,Gravel_allu,30,0.4,0,0.4,0,Test,30.73691,104.98396,-104.98396,0.48,0.52
761,CA54,21,Sep,,0,100,60,Gravel_allu,40,0.4,0,0.4,Less_50,Test,30.77589,105.01758,-105.01758,0.9,0.1
762,CA76,21,May,,0,4,80,Gravel_allu,20,0.5,0,0.5,0,Test,30.74505,105.00775,-105.00775,0.68,0.32
763,CA52,21,Sep,,0,15,70,Gravel_allu,30,0.5,0,0.5,Over_50,Test,30.73482,104.9943,-104.9943,0.904,0.096
764,CA67,21,Sep,,0,2.5,80,Gravel_allu,20,0.6,0,0.6,Less_50,Test,30.78766,104.98798,-104.98798,0.806,0.194
765,CA71,21,Jun,,0,100,100,Gravel_allu,0,0,1,0.7,0,Test,30.731,104.98959,-104.98959,0.246,0.754
766,CA59,21,Sep,,0,100,100,Gravel_allu,0,0,0.75,0.75,0,Test,30.77554,105.01727,-105.01727,0.344,0.656
767,CA61,21,Jul,,0,100,100,Sand,0,0,0.7,0.8,0,Test,30.73119,104.98946,-104.98946,0.026,0.974
768,CA52,21,Sep,,0,5,100,Gravel_allu,0,0,0.75,1,0,Test,30.73395,104.99265,-104.99265,0.592,0.408
769,CA66,21,Jul,,0,100,100,Gravel_allu,0,0,0.8,1,0,Test,30.73169,104.98636,-104.98636,0.148,0.852
770,CA64,21,Jul,,0,2.5,20,Gravel_allu,80,1.2,0,1.2,Over_50,Test,30.73092,104.97916,-104.97916,0.524,0.476
771,CA67,21,Jul,,0,100,50,Gravel_allu,50,1.2,0,1.2,Over_50,Test,30.78713,104.98803,-104.98803,0.742,0.258
772,CA58,21,Jun,,0,3,90,Gravel_allu,10,1.5,0,1.5,Over_50,Test,30.73011,104.98941,-104.98941,0.594,0.406
773,CA70,21,Jul,,100,0,0,Gravel_allu,0,0,3.5,1.5,0,Test,30.77162,105.01714,-105.01714,0.29,0.71
774,CA61,21,May,,0,2.5,100,Gravel_allu,0,0,0.5,1.7,Less_50,Test,30.73104,104.98959,-104.98959,0.612,0.388
799,CA58,22,Sep,,0,3,95,Gravel_allu,5,0.05,0,0.05,0,Test,30.73017,104.99021,-104.99021,0.408,0.592
800,CA70,22,Aug,,0,100,95,Gravel_allu,5,0.1,0,0.1,0,Test,30.77424,105.01532,-105.01532,0.36,0.64
801,CA63,22,Sep,,0,100,95,Gravel_allu,5,0.1,0,0.1,0,Test,30.7721,105.01228,-105.01228,0.346,0.654
802,CA58,22,May,,0,100,90,Gravel_allu,10,0.2,0,0.2,0,Test,30.72994,104.99059,-104.99059,0.618,0.382
803,CA57,22,Jun,,0,10,100,Gravel_allu,0,0,0.6,0.2,0,Test,30.77121,105.02298,-105.02298,0.584,0.416
804,CA54,22,Aug,,0,1.25,80,Gravel_allu,20,0.25,0,0.25,0,Test,30.77455,105.02017,-105.02017,0.566,0.434
805,CA71,22,Oct,,0,1,70,Gravel_allu,30,0.3,0,0.3,Less_50,Test,30.7287,104.98759,-104.98759,0.766,0.234
806,CA66,22,Jun,,0,2,80,Gravel_allu,20,0.3,0,0.3,0,Test,30.73034,104.98645,-104.98645,0.482,0.518
807,CA59,22,May,,0,2.5,90,Gravel_allu,10,0.3,0,0.3,0,Test,30.77732,105.01867,-105.01867,0.62,0.38
808,CA71,22,Jun,,0,100,90,Sand,10,0.3,0,0.3,0,Test,30.73097,104.98914,-104.98914,0.472,0.528
809,CA59,22,Jun,,0,2,100,Gravel_allu,0,0,0.5,0.3,0,Test,30.77573,105.01608,-105.01608,0.57,0.43
810,CA76,22,Jun,,0,100,100,Gravel_allu,0,0,0.7,0.3,0,Test,30.74077,105.01001,-105.01001,0.344,0.656
811,CA63,22,May,,0,100,100,Gravel_allu,0,0,0.7,0.3,0,Test,30.77509,105.01595,-105.01595,0.42,0.58
812,CA59,22,Jun,,0,3,60,Gravel_allu,40,0.4,0,0.4,0,Test,30.77752,105.01595,-105.01595,0.488,0.512
813,CA62,22,Jun,,0,3,80,Gravel_allu,20,0.4,0,0.4,Less_50,Test,30.73276,104.98927,-104.98927,0.596,0.404
814,CA58,22,Aug,,0,100,80,Gravel_allu,20,0.4,0,0.4,0,Test,30.72983,104.99059,-104.99059,0.638,0.362
815,CA69,22,Sep,,0,100,90,Gravel_allu,10,0.4,0,0.4,0,Test,30.77602,105.01563,-105.01563,0.65,0.35
816,CA71,22,Jun,,0,1,90,Gravel_allu,10,0.5,0,0.5,0,Test,30.73109,104.9898,-104.9898,0.542,0.458
817,CA58,22,Jun,,0,1,70,Gravel_allu,30,0.5,0,0.5,Over_50,Test,30.73047,104.99058,-104.99058,0.64,0.36
818,CA61,22,Jun,,0,1.5,60,Gravel_allu,40,0.5,0,0.5,Less_50,Test,30.73154,104.99073,-104.99073,0.654,0.346
819,CA69,22,May,,0,100,60,Gravel_allu,40,0.5,0,0.5,Less_50,Test,30.77432,105.01808,-105.01808,0.934,0.066
820,CA52,22,Oct,,0,100,70,Gravel_allu,30,0.5,0,0.5,Less_50,Test,30.73367,104.9915,-104.9915,0.88,0.12
821,CA67,22,Aug,,30,0,70,Gravel_allu,0,0,0.6,0.5,0,Test,30.78679,104.98804,-104.98804,0.304,0.696
822,CA52,22,Jun,,0,100,100,Gravel_allu,0,0,1,0.5,0,Test,30.72991,104.99043,-104.99043,0.342,0.658
823,CA65,22,Jun,,0,1,50,Gravel_allu,50,0.6,0,0.6,0,Test,30.74446,105.0118,-105.0118,0.55,0.45
824,CA76,22,Jul,,0,15,80,Gravel_allu,20,0.6,0,0.6,0,Test,30.74594,105.01044,-105.01044,0.456,0.544
825,CA69,22,May,,0,1,80,Gravel_allu,20,0.7,0,0.7,Less_50,Test,30.77448,105.01787,-105.01787,0.8,0.2
826,CA56,22,Sep,,0,100,0,Gravel_allu,100,0.75,0,0.75,Over_50,Test,30.72823,104.97244,-104.97244,0.78,0.22
827,CA62,22,Jun,,0,1,70,Gravel_allu,30,0.8,0,0.8,Over_50,Test,30.73279,104.9892,-104.9892,0.638,0.362
828,CA67,22,Aug,,0,100,20,Gravel_allu,80,0.8,0,0.8,Over_50,Test,30.73254,104.98935,-104.98935,0.756,0.244
829,CA62,22,Jul,,0,100,80,Gravel_allu,20,0.8,0,0.8,Over_50,Test,30.73166,104.98969,-104.98969,0.63,0.37
830,CA58,22,Jul,,0,5,100,Gravel_allu,0,0,0.7,0.8,Less_50,Test,30.73214,104.98878,-104.98878,0.526,0.474
831,CA52,22,Jun,,0,5,100,Sand,0,0,1,0.8,0,Test,30.73056,104.98984,-104.98984,0.464,0.536
832,CA69,22,Jul,,0,100,90,Gravel_allu,10,1,0,1,Less_50,Test,30.77615,105.0168,-105.0168,0.644,0.356
833,CA53,22,Jun,,0,100,80,Gravel_allu,20,1,0,1,Over_50,Test,30.78541,104.98407,-104.98407,0.566,0.434
834,CA67,22,Sep,,0,3,20,Gravel_allu,80,1.2,0,1.2,Over_50,Test,30.78359,104.98405,-104.98405,0.69,0.31
835,CA66,22,Sep,,0,2,40,Sand,60,1.3,0,1.3,Over_50,Test,30.73086,104.98614,-104.98614,0.76,0.24
836,CA73,22,Jun,,0,2,60,Sand,40,2,0,2,Over_50,Test,30.73192,104.98568,-104.98568,0.592,0.408
837,CA55,22,Sep,,0,2,100,Gravel_allu,0,0,2,3,0,Test,30.7279,104.97175,-104.97175,0.66,0.34
852,CA53,23,Sep,,60,0,20,Gravel_allu,20,0.05,0,0.05,0,Test,30.78099,104.98499,-104.98499,0.394,0.606
853,CA57,23,Jun,,0,100,100,Gravel_allu,0,0,0.6,0.2,0,Test,30.77061,105.02232,-105.02232,0.386,0.614
854,CA52,23,Jun,,0,10,20,Gravel_allu,80,0.25,0,0.25,Less_50,Test,30.73168,104.99075,-104.99075,0.568,0.432
855,CA52,23,Jun,,0,100,80,Gravel_allu,20,0.25,0,0.25,0,Test,30.7322,104.9912,-104.9912,0.496,0.504
856,CA67,23,Aug,,0,100,95,Gravel_allu,5,0.3,0,0.3,Less_50,Test,30.78475,104.98718,-104.98718,0.51,0.49
857,CA61,23,Jun,,0,2,100,Gravel_allu,0,0,0.5,0.3,0,Test,30.731,104.9898,-104.9898,0.59,0.41
858,CA52,23,Jun,,10,0,80,Gravel_allu,10,0.5,0,0.5,Less_50,Test,30.7335,104.99265,-104.99265,0.548,0.452
859,CA64,23,Sep,,20,0,40,Sand,40,0.5,0,0.5,Over_50,Test,30.72479,104.98145,-104.98145,0.722,0.278
860,CA55,23,Sep,,0,100,90,Sand,10,0.5,0,0.5,Less_50,Test,30.72787,104.97177,-104.97177,0.784,0.216
861,CA67,23,May,,0,2,60,Gravel_allu,40,0.6,0,0.6,Less_50,Test,30.78683,104.98841,-104.98841,0.834,0.166
862,CA62,23,Oct,,10,0,50,Gravel_allu,40,0.7,0,0.7,Over_50,Test,30.73316,104.98962,-104.98962,0.752,0.248
863,CA62,23,Aug,,0,1,30,Gravel_allu,70,0.7,0,0.7,Over_50,Test,30.73294,104.9888,-104.9888,0.742,0.258
864,CA70,23,Sep,,0,100,90,Gravel_allu,10,0.7,0,0.7,Less_50,Test,30.77232,105.01112,-105.01112,0.792,0.208
865,CA67,23,Sep,,0,100,100,Gravel_allu,0,0,0.6,0.7,0,Test,30.78819,104.98936,-104.98936,0.462,0.538
866,CA59,23,Aug,,0,100,80,Gravel_allu,20,0.8,0,0.8,Less_50,Test,30.77758,105.02046,-105.02046,0.748,0.252
867,CA67,23,Jul,,0,2,70,Gravel_allu,30,0.9,0,0.9,Less_50,Test,30.78695,104.98804,-104.98804,0.614,0.386
868,CA53,23,Jul,,0,100,0,Gravel_allu,100,1,0,1,Over_50,Test,30.78524,104.98454,-104.98454,0.412,0.588
869,CA71,23,Jun,,0,100,20,Sand,80,1.5,0,1.5,Over_50,Test,30.73073,104.9893,-104.9893,0.414,0.586
870,CA58,23,Oct,,0,100,90,Sand,10,1.5,0,1.5,Less_50,Test,30.73051,104.98978,-104.98978,0.658,0.342
